Tahun,NAMOBJ,WADMKK,luas_total_km2,vegetasi_km2,vegetasi_pct,tubuh_air_km2,tubuh_air_pct,lahan_terbangun_km2,lahan_terbangun_pct,lahan_terbuka_km2,lahan_terbuka_pct
1999,Banguntapan,Bantul,28.41951806,20.25561992,71.27362213,0.508619687,1.789684421,5.920152809,20.83129206,1.73512565,6.105401387
1999,Bantul,Bantul,21.80665708,17.06083569,78.23682295,0.159281341,0.730425302,2.076793373,9.523666857,2.509746675,11.50908489
1999,Berbah,Sleman,25.04620459,20.28538821,80.991865,0.413706494,1.651773195,2.832571297,11.30938337,1.51453859,6.046978433
1999,Cangkringan,Sleman,48.62721596,46.15844151,94.92306026,0.611828383,1.258201546,0.967669434,1.989974986,0.757364815,1.557491623
1999,Danurejan,Kota Yogyakarta,1.068303758,0.037219798,3.484008876,0.003012169,0.28195814,1.019285381,95.41156933,0.00878641,0.822463652
1999,Depok,Sleman,32.12120046,16.25089202,50.59241804,0.079943328,0.248880261,13.83036048,43.05679824,1.960004642,6.101903459
1999,Gamping,Sleman,29.11178622,23.14670052,79.50972278,0.616881145,2.119008226,4.317953019,14.83231907,1.030251536,3.538949924
1999,Gedongtengen,Kota Yogyakarta,0.942360865,0.048087197,5.102843201,0.001782304,0.189131767,0.879490683,93.3284388,0.013000681,1.379586235
1999,Godean,Sleman,26.74955973,21.17369135,79.15528916,1.368107872,5.114506131,3.041559204,11.37050192,1.166201302,4.359702789
1999,Gondokusuman,Kota Yogyakarta,4.055542786,0.308789873,7.614020843,0.018035187,0.444704639,3.666669863,90.4113224,0.062047863,1.529952117
1999,Gondomanan,Kota Yogyakarta,1.072507251,0.027776242,2.589841916,0.011992969,1.118217956,0.989216628,92.23402697,0.043521413,4.057913153
1999,Jetis,Bantul,23.52780964,19.10717632,81.21102902,0.746798026,3.174107737,1.552128611,6.596995786,2.121706688,9.017867452
1999,Jetis,Kota Yogyakarta,1.778561716,0.060286815,3.389638643,0.002657876,0.149439605,1.687665942,94.8893663,0.027951084,1.571555456
1999,Kalasan,Sleman,35.82102976,29.31293062,81.83162465,0.192722461,0.538014853,4.359799943,12.17106256,1.955576739,5.459297937
1999,Kasihan,Bantul,32.09275592,24.26636694,75.6132225,0.093665471,0.29185861,5.546758855,17.28352301,2.185964655,6.81139588
1999,Kotagede,Kota Yogyakarta,2.969277587,1.226844478,41.31794493,0.004429448,0.149175965,1.706097861,57.45834841,0.031905799,1.074530702
1999,Kraton,Kota Yogyakarta,1.569387203,0.029234803,1.862816442,0.001771821,0.112898894,1.516792385,96.64870352,0.021588194,1.375581144
1999,Mantrijeron,Kota Yogyakarta,2.599556538,0.514025626,19.773589,8.86E-04,0.034078475,2.05779412,79.15942929,0.026850904,1.03290324
1999,Mergangsan,Kota Yogyakarta,2.367042703,0.217931699,9.206918765,0.002153932,0.09099675,2.138643577,90.35086584,0.008313495,0.351218649
1999,Minggir,Sleman,26.89147495,22.92738831,85.25894677,1.946591957,7.238695389,1.373694628,5.108290379,0.643800053,2.394067465
1999,Mlati,Sleman,28.45928107,22.68829756,79.72196312,0.281636528,0.989612235,4.367677632,15.34711162,1.121669352,3.941313026
1999,Moyudan,Sleman,27.50111396,24.28589889,88.30878243,1.199692214,4.362340432,1.110549687,4.038198921,0.904973168,3.290678221
1999,Ngaglik,Sleman,38.37208369,30.17804953,78.64584517,0.055070459,0.143516988,6.049037142,15.76416123,2.089926563,5.44647661
1999,Ngampilan,Kota Yogyakarta,0.812149662,0.052991737,6.524873397,2.12E-04,0.026094786,0.755885231,93.07215979,0.003060765,0.376872028
1999,Ngemplak,Sleman,36.5789438,31.89907078,87.20610129,0.083579028,0.22848945,3.588232967,9.809558707,1.008061025,2.755850553
1999,Pajangan,Bantul,33.28796194,24.93327327,74.90177176,0.249375989,0.749147664,5.622476722,16.89042042,2.482835953,7.458660153
1999,Pakem,Sleman,46.01997161,41.80164819,90.83371137,0.495036067,1.075698331,1.407011963,3.057394244,1.467910407,3.189724711
1999,Pakualaman,Kota Yogyakarta,0.642731472,0.056365559,8.769690268,0,0,0.581081659,90.40815402,0.005284254,0.822155712
1999,Piyungan,Bantul,33.25755314,25.66310316,77.16473623,0.074953736,0.225373575,4.032810487,12.12599878,3.486685759,10.48389142
1999,Pleret,Bantul,24.19801929,19.97143437,82.53334344,0.39230645,1.621233728,2.075072266,8.575380657,1.759206209,7.270042178
1999,Sedayu,Bantul,34.18604421,27.8734341,81.53454062,0.654317145,1.913989056,3.724390202,10.89447547,1.93390276,5.656994849
1999,Sewon,Bantul,27.90038464,21.53325345,77.17905586,0.512846171,1.838132977,4.541565455,16.27778797,1.312719569,4.705023197
1999,Seyegan,Sleman,26.5335286,23.26263788,87.67261311,1.039259661,3.916778944,0.996744752,3.756548054,1.234886312,4.654059888
1999,Sleman,Sleman,31.25154716,28.0462685,89.74361609,0.056301606,0.180156219,1.730369888,5.536909516,1.418607162,4.539318179
1999,Tegalrejo,Kota Yogyakarta,2.970089006,0.807799696,27.1978279,0.026210629,0.882486321,2.083243851,70.1407886,0.05283483,1.778897183
1999,Turi,Sleman,40.46445647,40.03823454,98.94667577,0.011399716,0.028172173,0.28224137,0.697504413,0.13258084,0.327647649
1999,Umbulharjo,Kota Yogyakarta,8.226847278,2.434701145,29.59458299,0.084399481,1.025903102,5.394117593,65.56725086,0.313629059,3.812263049
1999,Wirobrajan,Kota Yogyakarta,1.740886123,0.167353811,9.613139441,6.60E-05,0.003791781,1.556588645,89.41358223,0.016877657,0.969486551
2004,Banguntapan,Bantul,28.41951806,20.5698283,72.37922985,0.263984612,0.928884901,5.862710271,20.62916851,1.722994877,6.062716732
2004,Bantul,Bantul,21.80665708,20.44332112,93.74807449,0.027874049,0.127823577,1.061934534,4.869772245,0.273527374,1.254329689
2004,Berbah,Sleman,25.04620459,21.86370215,87.29347422,0.089029403,0.355460655,1.393934695,5.565452801,1.699538346,6.785612327
2004,Cangkringan,Sleman,48.62721596,45.62505338,93.82616808,0.641157052,1.318514825,1.37772029,2.833228805,0.970208881,1.995197262
2004,Danurejan,Kota Yogyakarta,1.068303758,0.006201568,0.580506037,0.002056764,0.192526144,1.0193306,95.41580214,0.040714826,3.811165682
2004,Depok,Sleman,32.12120046,15.94465529,49.63903919,0.205794736,0.640681957,13.70888825,42.67862985,2.261862193,7.041649004
2004,Gamping,Sleman,29.11178622,23.22624996,79.78297789,0.471301042,1.618935501,4.695437917,16.12899285,0.718797298,2.469093763
2004,Gedongtengen,Kota Yogyakarta,0.942360865,0.021193102,2.248936932,0.001837899,0.195031302,0.877795012,93.14850013,0.041534853,4.407531638
2004,Godean,Sleman,26.74955973,23.50602776,87.87444725,0.232241322,0.868206147,2.309739402,8.634681933,0.701551252,2.622664667
2004,Gondokusuman,Kota Yogyakarta,4.055542786,0.229530126,5.659664762,0.063187838,1.558061187,3.581801705,88.31867629,0.181023117,4.463597759
2004,Gondomanan,Kota Yogyakarta,1.072507251,0.022293918,2.078672931,0.008859214,0.826028319,0.983727621,91.722235,0.057626498,5.373063752
2004,Jetis,Bantul,23.52780964,21.73546878,92.38203265,0.703479464,2.989991309,0.537408865,2.284143206,0.551452528,2.343832836
2004,Jetis,Kota Yogyakarta,1.778561716,0.038964998,2.190815078,3.86E-04,0.021683458,1.700482622,95.60998676,0.038728443,2.177514702
2004,Kalasan,Sleman,35.82102976,29.11181665,81.27018358,0.190098278,0.530689038,3.298867505,9.20930394,3.22024733,8.989823439
2004,Kasihan,Bantul,32.09275592,25.70628472,80.09996021,0.130295353,0.405996149,5.363314013,16.71191476,0.892861831,2.78212888
2004,Kotagede,Kota Yogyakarta,2.969277587,0.675292774,22.7426623,0.015036077,0.506388388,2.178555118,73.36987044,0.100393617,3.381078871
2004,Kraton,Kota Yogyakarta,1.569387203,0.017718118,1.128983192,0.005315432,0.33869477,1.452037888,92.52260278,0.094315765,6.009719256
2004,Mantrijeron,Kota Yogyakarta,2.599556538,0.338993366,13.04043059,0.00388746,0.149543218,2.175358786,83.68191861,0.081316925,3.128107585
2004,Mergangsan,Kota Yogyakarta,2.367042703,0.158184513,6.682790823,0.008858915,0.374260875,2.142159054,90.49938351,0.057840222,2.443564794
2004,Minggir,Sleman,26.89147495,24.91279533,92.64198182,0.928800808,3.4538857,0.594479642,2.210662089,0.455399166,1.693470392
2004,Mlati,Sleman,28.45928107,22.63404203,79.53132047,0.241457409,0.84843116,4.649658355,16.33793329,0.934123274,3.282315078
2004,Moyudan,Sleman,27.50111396,25.48577374,92.67178697,0.665246803,2.418981297,0.887332281,3.226532141,0.462761133,1.682699594
2004,Ngaglik,Sleman,38.37208369,32.37160675,84.36238963,0.1200442,0.312842535,4.392081825,11.44603421,1.488350914,3.878733629
2004,Ngampilan,Kota Yogyakarta,0.812149662,0.02262729,2.786098495,0,0,0.668755895,82.34392329,0.120766478,14.86997822
2004,Ngemplak,Sleman,36.5789438,33.02646779,90.28819413,0.242294119,0.662386864,2.350202122,6.425013621,0.959979771,2.624405385
2004,Pajangan,Bantul,33.28796194,31.13033273,93.51828984,0.298079951,0.895458699,1.011034018,3.037236162,0.848515242,2.549015298
2004,Pakem,Sleman,46.01997161,41.62892643,90.45839223,0.426218415,0.926159665,2.343670665,5.092725142,1.371644569,2.980541972
2004,Pakualaman,Kota Yogyakarta,0.642731472,0.01594662,2.481070401,0.002657758,0.413509934,0.604598595,94.06705937,0.019528498,3.038360297
2004,Piyungan,Bantul,33.25755314,27.16228738,81.67253697,0.126199791,0.379462044,1.527726986,4.59362413,4.441338979,13.35437686
2004,Pleret,Bantul,24.19801929,20.66629106,85.40488713,0.118096346,0.488041376,1.072946466,4.434025996,2.340685415,9.673045494
2004,Sedayu,Bantul,34.18604421,31.51531663,92.18766709,0.638841268,1.868719481,1.248650635,3.652515708,0.783235678,2.291097716
2004,Sewon,Bantul,27.90038464,22.63887776,81.1418124,0.261484469,0.937207399,4.326472837,15.50685731,0.673549572,2.414122891
2004,Seyegan,Sleman,26.5335286,25.16805889,94.85379525,0.204431144,0.770463464,0.376689137,1.419672227,0.78434943,2.95606906
2004,Sleman,Sleman,31.25154716,28.53734071,91.31496934,0.077978085,0.249517518,1.763478112,5.642850587,0.872750256,2.792662557
2004,Tegalrejo,Kota Yogyakarta,2.970089006,0.611741994,20.59675628,0.037133952,1.250263931,2.196944095,73.96896491,0.124268966,4.184014879
2004,Turi,Sleman,40.46445647,40.16960281,99.27132678,0.019498022,0.048185554,0.204781873,0.506078399,0.057896935,0.143080966
2004,Umbulharjo,Kota Yogyakarta,8.226847278,1.928655486,23.44343368,0.081683537,0.99288992,5.647477815,68.64692663,0.56903044,6.916749768
2004,Wirobrajan,Kota Yogyakarta,1.740886123,0.143823298,8.261499458,0.003196185,0.183595317,1.512660964,86.89028787,0.081205676,4.664617357
2009,Banguntapan,Bantul,28.41951806,19.63205178,69.07946761,0.10608194,0.373271426,7.916124093,27.8545332,0.765260253,2.692727764
2009,Bantul,Bantul,21.80665708,19.14036359,87.77302969,0.01505739,0.069049512,1.862436406,8.540678195,0.788799691,3.617242607
2009,Berbah,Sleman,25.04620459,21.32204004,85.13082275,0.144269294,0.576012599,2.829505918,11.29714447,0.750389344,2.99602018
2009,Cangkringan,Sleman,48.62721596,45.61061426,93.7964746,0.241758301,0.497166651,0.855162527,1.758608858,1.919680865,3.947749891
2009,Danurejan,Kota Yogyakarta,1.068303758,0.011419898,1.06897481,0.004276806,0.400336153,0.95598069,89.48584918,0.096626364,9.044839859
2009,Depok,Sleman,32.12120046,15.81634775,49.23959107,0.20050818,0.624223805,13.9390835,43.39527569,2.165261032,6.740909432
2009,Gamping,Sleman,29.11178622,23.43187718,80.48931453,0.211313139,0.725867994,4.543692208,15.60774105,0.924903696,3.177076423
2009,Gedongtengen,Kota Yogyakarta,0.942360865,0.039815102,4.225037712,0.002678672,0.284251168,0.838796318,89.01009675,0.061070774,6.480614365
2009,Godean,Sleman,26.74955973,24.61054872,92.00356552,0.053277203,0.19917039,1.696660077,6.342758886,0.389073738,1.454505201
2009,Gondokusuman,Kota Yogyakarta,4.055542786,0.342105433,8.435502992,0.049620402,1.22352062,3.422250589,84.38452681,0.241566361,5.956449578
2009,Gondomanan,Kota Yogyakarta,1.072507251,0.0469538,4.377947123,0.018781513,1.751178144,0.886460451,82.65309625,0.120311488,11.21777848
2009,Jetis,Bantul,23.52780964,21.06740978,89.54258855,0.293282395,1.246535057,1.787726104,7.598353314,0.379391361,1.612523083
2009,Jetis,Kota Yogyakarta,1.778561716,0.077787198,4.373601291,0.011496578,0.646397449,1.577946097,88.72034535,0.111331844,6.259655906
2009,Kalasan,Sleman,35.82102976,30.79811574,85.97775089,0.136663387,0.381517192,4.153849749,11.59612043,0.732400891,2.044611491
2009,Kasihan,Bantul,32.09275592,25.23458958,78.63017324,0.139205586,0.433760149,5.635885669,17.56123931,1.083075089,3.374827304
2009,Kotagede,Kota Yogyakarta,2.969277587,0.88806475,29.90844487,0.008244102,0.277646717,1.926441672,64.87913697,0.146527063,4.934771448
2009,Kraton,Kota Yogyakarta,1.569387203,0.13408388,8.543709254,0.001042242,0.066410779,1.221828359,77.85385002,0.212432722,13.53602995
2009,Mantrijeron,Kota Yogyakarta,2.599556538,0.510330164,19.63143162,0.004321709,0.166247931,1.961071964,75.43871177,0.123832701,4.763608681
2009,Mergangsan,Kota Yogyakarta,2.367042703,0.22689579,9.585623026,0.011183182,0.472453733,2.02590437,85.58799414,0.103059361,4.353929105
2009,Minggir,Sleman,26.89147495,25.10452249,93.35494814,0.560187329,2.083140957,0.667173854,2.480986466,0.559591273,2.080924436
2009,Mlati,Sleman,28.45928107,22.77387186,80.02265344,0.0964616,0.338946019,4.883402974,17.15926331,0.705544634,2.479137237
2009,Moyudan,Sleman,27.50111396,26.05107241,94.72733521,0.247587095,0.90028024,0.494926094,1.799658349,0.707528364,2.572726201
2009,Ngaglik,Sleman,38.37208369,32.22716736,83.98597173,0.026529753,0.069138162,5.338277366,13.91187773,0.78010921,2.033012375
2009,Ngampilan,Kota Yogyakarta,0.812149662,0.054162499,6.669029304,7.92E-04,0.097531734,0.686443273,84.52177036,0.070751787,8.711668598
2009,Ngemplak,Sleman,36.5789438,33.09667719,90.48013351,0.093149351,0.254652926,2.781111224,7.60303862,0.608006038,1.662174943
2009,Pajangan,Bantul,33.28796194,31.27671689,93.95804089,0.230333517,0.691942382,0.875766904,2.630881716,0.905144628,2.719135011
2009,Pakem,Sleman,46.01997161,42.95038025,93.32987124,0.200670601,0.436051118,1.107883806,2.407397847,1.761036956,3.826679796
2009,Pakualaman,Kota Yogyakarta,0.642731472,0.040144459,6.245914591,0.001764902,0.274593967,0.564266538,87.7919572,0.036555573,5.687534245
2009,Piyungan,Bantul,33.25755314,29.20364256,87.81055672,0.024254695,0.072929884,2.741020392,8.241798127,1.28863549,3.874715269
2009,Pleret,Bantul,24.19801929,20.93542175,86.51708844,0.072258194,0.298612018,2.549131504,10.53446348,0.641207842,2.649836063
2009,Sedayu,Bantul,34.18604421,31.64952237,92.58024176,0.251501214,0.735683872,1.547374591,4.526334144,0.737646027,2.157740224
2009,Sewon,Bantul,27.90038464,21.92075981,78.56794841,0.090244159,0.323451309,5.312667155,19.04155524,0.576713515,2.067045032
2009,Seyegan,Sleman,26.5335286,25.73625518,96.99522277,0.102544118,0.386469961,0.375245473,1.414231324,0.319483835,1.204075945
2009,Sleman,Sleman,31.25154716,29.27314286,93.66941967,0.022152834,0.070885559,1.366010997,4.371018786,0.590240466,1.888675983
2009,Tegalrejo,Kota Yogyakarta,2.970089006,0.626319882,21.08757954,0.013452725,0.452940144,2.140101892,72.05514339,0.190214507,6.404336919
2009,Turi,Sleman,40.46445647,40.23193305,99.42536379,0.005317681,0.01314161,0.150912557,0.372950906,0.07629318,0.188543691
2009,Umbulharjo,Kota Yogyakarta,8.226847278,2.044212565,24.8480675,0.063042367,0.766300436,5.750733634,69.90203463,0.368858713,4.483597429
2009,Wirobrajan,Kota Yogyakarta,1.740886123,0.269154633,15.4607834,0.001546018,0.088806378,1.361804794,78.22480607,0.108380679,6.225604151
2014,Banguntapan,Bantul,28.41951806,12.28419881,43.22451486,0.011515584,0.040519985,13.12458186,46.18157786,2.999221809,10.5533873
2014,Bantul,Bantul,21.80665708,12.27088087,56.27126075,0.094787062,0.434670299,7.570018271,34.71425374,1.87097088,8.579815204
2014,Berbah,Sleman,25.04620459,16.33237856,65.20899603,0.006701666,0.026757211,6.828858444,27.26504297,1.878265924,7.49920379
2014,Cangkringan,Sleman,48.62721596,40.47519202,83.2356762,0.100011502,0.205669808,4.252163338,8.744410418,3.798962833,7.812421004
2014,Danurejan,Kota Yogyakarta,1.068303758,0.004332416,0.405541627,0,0,0.873686026,81.78254727,0.190285316,17.8119111
2014,Depok,Sleman,32.12120046,8.071557056,25.12844146,0.014652204,0.045615369,18.65506169,58.07709992,5.379929515,16.74884325
2014,Gamping,Sleman,29.11178622,15.94875287,54.78452181,0.007087854,0.024347026,10.57048442,36.3099823,2.585461071,8.881148865
2014,Gedongtengen,Kota Yogyakarta,0.942360865,0.00950908,1.009069948,0,0,0.7314934,77.62349086,0.201358385,21.36743919
2014,Godean,Sleman,26.74955973,15.91473296,59.49530805,0.02126325,0.079490094,8.856089431,33.10742128,1.957474088,7.317780581
2014,Gondokusuman,Kota Yogyakarta,4.055542786,0.114506349,2.823453123,0,0,3.087951292,76.1415045,0.853085144,21.03504238
2014,Gondomanan,Kota Yogyakarta,1.072507251,0.02214802,2.065069501,0,0,0.85632538,79.84331845,0.194033851,18.09161205
2014,Jetis,Bantul,23.52780964,16.80579051,71.42947332,0.198422992,0.843355142,5.181797968,22.024141,1.341798169,5.703030539
2014,Jetis,Kota Yogyakarta,1.778561716,0.022795085,1.281658373,0,0,1.394080514,78.38246495,0.361686117,20.33587668
2014,Kalasan,Sleman,35.82102976,21.89193345,61.11475186,0.015948499,0.044522726,11.16524154,31.16951583,2.747906267,7.671209582
2014,Kasihan,Bantul,32.09275592,18.72503428,58.34660733,0,0,10.98323875,34.2234203,2.384482898,7.42997237
2014,Kotagede,Kota Yogyakarta,2.969277587,0.2409433,8.114542791,0,0,2.424631656,81.65729156,0.30370263,10.22816565
2014,Kraton,Kota Yogyakarta,1.569387203,0.011516751,0.733837451,0,0,1.355630685,86.37961892,0.202239767,12.88654363
2014,Mantrijeron,Kota Yogyakarta,2.599556538,0.119507274,4.597217724,0,0,2.181903407,83.93367771,0.298145858,11.46910456
2014,Mergangsan,Kota Yogyakarta,2.367042703,0.072497064,3.06276958,8.86E-04,0.037425946,1.933778975,81.69599019,0.359880777,15.20381428
2014,Minggir,Sleman,26.89147495,20.92071703,77.79683735,0.259844851,0.966272216,4.108986179,15.27988401,1.601926892,5.957006432
2014,Mlati,Sleman,28.45928107,15.9936005,56.19818877,0.013290286,0.046699303,9.436635693,33.15837695,3.015754594,10.59673499
2014,Moyudan,Sleman,27.50111396,21.51024478,78.21590358,0.193016318,0.701849089,4.115199769,14.96375665,1.682653096,6.118490684
2014,Ngaglik,Sleman,38.37208369,23.15056277,60.3317843,0.001772319,0.004618772,11.66278178,30.39392355,3.556966825,9.269673373
2014,Ngampilan,Kota Yogyakarta,0.812149662,0.007261041,0.894052075,0,0,0.666966078,82.12354316,0.137922543,16.98240476
2014,Ngemplak,Sleman,36.5789438,25.63640663,70.08514727,0.031928772,0.087287298,8.187569636,22.38328608,2.72303876,7.444279351
2014,Pajangan,Bantul,33.28796194,29.58691947,88.88173905,0.26824315,0.805826293,2.448124227,7.354383039,0.984675097,2.958051618
2014,Pakem,Sleman,46.01997161,39.59129629,86.03068385,0.234167257,0.508838335,3.064814218,6.659748172,3.124382143,6.789187462
2014,Pakualaman,Kota Yogyakarta,0.642731472,0.002657765,0.413510969,0,0,0.558801568,86.94168449,0.081272138,12.64480454
2014,Piyungan,Bantul,33.25755314,25.9819216,78.12337093,8.86E-04,0.002663551,4.55645086,13.70049937,2.718294847,8.173466147
2014,Pleret,Bantul,24.19801929,18.21328988,75.26768892,0.026573181,0.109815523,3.876119862,16.01833528,2.082036364,8.604160277
2014,Sedayu,Bantul,34.18604421,28.37235175,82.9939597,0.244826822,0.71616014,4.067780485,11.89895052,1.501085149,4.390929642
2014,Sewon,Bantul,27.90038464,13.39840783,48.02230508,0.034528682,0.12375701,11.85922396,42.50559307,2.608224168,9.348344838
2014,Seyegan,Sleman,26.5335286,20.46856569,77.14226778,0.017720599,0.066785684,4.290064817,16.168467,1.7571775,6.622479529
2014,Sleman,Sleman,31.25154716,22.35125297,71.5204686,0.005316529,0.017012052,6.154429751,19.69320021,2.740547906,8.769319139
2014,Tegalrejo,Kota Yogyakarta,2.970089006,0.28357928,9.547837768,0.001771911,0.059658507,2.186087458,73.60343254,0.498650358,16.78907118
2014,Turi,Sleman,40.46445647,38.98216184,96.33679836,0.005317408,0.013140934,0.691274277,1.708349345,0.785702947,1.941711357
2014,Umbulharjo,Kota Yogyakarta,8.226847278,0.779738973,9.477980409,0.00974476,0.118450719,6.040402697,73.42305615,1.396960849,16.98051272
2014,Wirobrajan,Kota Yogyakarta,1.740886123,0.035474645,2.037734938,0,0,1.501056699,86.22371554,0.20435478,11.73854952
2019,Banguntapan,Bantul,28.41951806,15.11310963,53.17862743,0.272822691,0.959983525,10.93765816,38.48643083,2.095927581,7.374958211
2019,Bantul,Bantul,21.80665708,16.20879754,74.32958422,0.154264998,0.707421579,4.566718864,20.94185664,0.876875679,4.02113756
2019,Berbah,Sleman,25.04620459,18.04030124,72.02808381,0.178344942,0.712063745,5.255894614,20.9847947,1.5716638,6.275057742
2019,Cangkringan,Sleman,48.62721596,43.60738852,89.67691788,0.598522096,1.230837678,3.340623752,6.869864306,1.080681589,2.222380138
2019,Danurejan,Kota Yogyakarta,1.068303758,0.023802205,2.228037208,8.86E-04,0.082929843,0.908657867,85.05613318,0.134957743,12.63289977
2019,Depok,Sleman,32.12120046,10.38170311,32.32040819,0.188997602,0.588388975,18.17549298,56.58410247,3.37500677,10.50710036
2019,Gamping,Sleman,29.11178622,17.46766551,60.00203964,0.292559475,1.004951991,10.14951253,34.86392916,1.201162813,4.126036114
2019,Gedongtengen,Kota Yogyakarta,0.942360865,0.025827667,2.740740625,0,0,0.818141808,86.81831324,0.09839139,10.44094614
2019,Godean,Sleman,26.74955973,19.03280491,71.15184362,0.111951213,0.418516095,6.765788261,25.29308268,0.839015349,3.136557599
2019,Gondokusuman,Kota Yogyakarta,4.055542786,0.239369963,5.902291633,0.013817374,0.340703446,3.148860749,77.64338623,0.6534947,16.11361869
2019,Gondomanan,Kota Yogyakarta,1.072507251,0.049326677,4.599192861,0.005468423,0.50987282,0.810900594,75.60793583,0.206811557,19.28299849
2019,Jetis,Bantul,23.52780964,20.15470344,85.66332245,0.300299217,1.27635858,2.345022592,9.967024675,0.727784394,3.093294296
2019,Jetis,Kota Yogyakarta,1.778561716,0.070362135,3.956125564,8.86E-04,0.049814147,1.47407359,82.8800922,0.233240016,13.11396809
2019,Kalasan,Sleman,35.82102976,24.90095787,69.51491354,0.378954832,1.057911608,9.517367562,26.56921821,1.023749499,2.85795664
2019,Kasihan,Bantul,32.09275592,20.22119194,63.00858671,0.135940419,0.423585993,10.35756392,32.27383757,1.378059643,4.293989729
2019,Kotagede,Kota Yogyakarta,2.969277587,0.350681295,11.81032373,0.003505347,0.118053861,2.365430815,79.6635123,0.249660129,8.408110107
2019,Kraton,Kota Yogyakarta,1.569387203,0.032173929,2.050095031,0.001771813,0.112898397,1.342206685,85.52425317,0.193234776,12.3127534
2019,Mantrijeron,Kota Yogyakarta,2.599556538,0.160115373,6.159334121,0.001771756,0.068156072,2.213867376,85.16327086,0.223802034,8.60923895
2019,Mergangsan,Kota Yogyakarta,2.367042703,0.158254796,6.685760092,0.005162479,0.218098253,1.896439361,80.11851068,0.307186067,12.97763098
2019,Minggir,Sleman,26.89147495,23.39206132,86.98690335,0.412586698,1.53426578,2.61216548,9.713730783,0.474661448,1.765100088
2019,Mlati,Sleman,28.45928107,17.55081534,61.66991814,0.15332954,0.538768141,9.634880007,33.85496627,1.120256184,3.936347447
2019,Moyudan,Sleman,27.50111396,23.44392613,85.2471873,0.371096362,1.349386657,2.836125757,10.31276683,0.849965713,3.090659215
2019,Ngaglik,Sleman,38.37208369,24.61455776,64.14704492,0.106627024,0.277876555,12.64473627,32.95295708,1.006162635,2.622121444
2019,Ngampilan,Kota Yogyakarta,0.812149662,0.020285744,2.49778402,0,0,0.698272364,85.97828662,0.093591553,11.52392936
2019,Ngemplak,Sleman,36.5789438,27.86577875,76.17983422,0.44836147,1.225736512,7.660030754,20.94109331,0.604772829,1.653335952
2019,Pajangan,Bantul,33.28796194,28.88707889,86.77935567,0.30254476,0.908871381,2.688497951,8.076487098,1.409840343,4.235285853
2019,Pakem,Sleman,46.01997161,40.88345508,88.83850565,0.793514942,1.724283857,3.59634052,7.814738675,0.745774817,1.620546017
2019,Pakualaman,Kota Yogyakarta,0.642731472,0.015217031,2.367556495,0,0,0.551915764,85.87034995,0.075598677,11.76209356
2019,Piyungan,Bantul,33.25755314,26.69516405,80.26797384,0.079071838,0.237756029,3.38554958,10.17979154,3.097767669,9.314478596
2019,Pleret,Bantul,24.19801929,18.47763633,76.36011899,0.130072913,0.537535373,3.123675518,12.90880663,2.466634536,10.19353901
2019,Sedayu,Bantul,34.18604421,29.0343979,84.9305574,0.476936089,1.395119267,3.583750216,10.48307957,1.090960004,3.191243763
2019,Sewon,Bantul,27.90038464,17.10741259,61.31604567,0.201200489,0.721138765,9.078307152,32.53828672,1.513464413,5.424528845
2019,Seyegan,Sleman,26.5335286,22.82699146,86.03074172,0.070982239,0.267519031,3.214459315,12.11470726,0.421095587,1.587031992
2019,Sleman,Sleman,31.25154716,23.81562285,76.20622021,0.064641662,0.206843079,6.713376724,21.48174197,0.657905925,2.105194733
2019,Tegalrejo,Kota Yogyakarta,2.970089006,0.373749734,12.58378899,0.00177189,0.059657796,2.295562965,77.28936607,0.299004418,10.06718714
2019,Turi,Sleman,40.46445647,39.12767781,96.69641266,0.050226116,0.124124036,1.197928014,2.960445088,0.087738201,0.216827827
2019,Umbulharjo,Kota Yogyakarta,8.226847278,1.287062494,15.64466254,0.026979774,0.327947915,5.857508736,71.19992067,1.055296274,12.82746888
2019,Wirobrajan,Kota Yogyakarta,1.740886123,0.085558473,4.914650743,0,0,1.532838133,88.04930506,0.122489517,7.036044197
2024,Banguntapan,Bantul,28.41951806,11.12365842,39.14091154,0.026496149,0.093232225,12.16284433,42.79750382,5.106519162,17.96835242
2024,Bantul,Bantul,21.80665708,13.39012827,61.4038558,0.005106001,0.023414873,4.53574321,20.79980986,3.8756796,17.77291946
2024,Berbah,Sleman,25.04620459,15.83031748,63.20445646,0.015946301,0.063667536,5.152632635,20.57250876,4.047308181,16.15936724
2024,Cangkringan,Sleman,48.62721596,44.33160328,91.16623768,0.080546851,0.165641502,3.195054841,6.570507437,1.017518637,2.092487955
2024,Danurejan,Kota Yogyakarta,1.068303758,0.019931854,1.8657478,0,0,0.892377368,83.53217528,0.155994536,14.60207692
2024,Depok,Sleman,32.12120046,8.119778723,25.27856558,0.046499454,0.144762503,19.25077662,59.93168482,4.704145664,14.6449871
2024,Gamping,Sleman,29.11178622,13.66326746,46.93379979,0.047024317,0.161530169,10.74078364,36.89496605,4.660710802,16.009704
2024,Gedongtengen,Kota Yogyakarta,0.942360865,0.00796649,0.845375676,0,0,0.794843344,84.34596266,0.139551032,14.80866166
2024,Godean,Sleman,26.74955973,14.62035684,54.65643915,0.004985677,0.018638351,7.39814734,27.65708077,4.726069878,17.66784173
2024,Gondokusuman,Kota Yogyakarta,4.055542786,0.201861117,4.977413087,0.002657849,0.065536221,3.404507945,83.94703559,0.446515873,11.01001511
2024,Gondomanan,Kota Yogyakarta,1.072507251,0.053155312,4.956172779,0.00120555,0.112404876,0.845186932,78.80477553,0.172959457,16.12664681
2024,Jetis,Bantul,23.52780964,15.98064533,67.92236752,0.089612002,0.380876941,2.834963297,12.04941446,4.622589009,19.64734108
2024,Jetis,Kota Yogyakarta,1.778561716,0.026689863,1.500643041,0,0,1.518051885,85.3527809,0.233819969,13.14657606
2024,Kalasan,Sleman,35.82102976,21.17140023,59.10327081,0.038218527,0.106692989,9.58654265,26.76233127,5.024868357,14.02770493
2024,Kasihan,Bantul,32.09275592,15.29460191,47.65748988,0.023487656,0.073186784,11.45328988,35.68808458,5.321376483,16.58123876
2024,Kotagede,Kota Yogyakarta,2.969277587,0.206865841,6.966874426,0,0,2.59252309,87.31157712,0.169888656,5.721548458
2024,Kraton,Kota Yogyakarta,1.569387203,0.018395627,1.172153512,0,0,1.461317033,93.11386194,0.089674542,5.713984545
2024,Mantrijeron,Kota Yogyakarta,2.599556538,0.107243882,4.125468342,0,0,2.336244582,89.87088942,0.156068074,6.003642235
2024,Mergangsan,Kota Yogyakarta,2.367042703,0.073209305,3.092859506,0.003223999,0.136203658,2.133667521,90.14064335,0.156941878,6.630293483
2024,Minggir,Sleman,26.89147495,22.53320687,83.79312369,0.249468455,0.927686024,2.251446932,8.37234453,1.857352696,6.906845754
2024,Mlati,Sleman,28.45928107,12.89043711,45.29431743,0.007345605,0.025810931,10.53710724,37.02520529,5.024391119,17.65466635
2024,Moyudan,Sleman,27.50111396,22.2278482,80.82526488,0.257139669,0.935015467,2.344768707,8.526086292,2.671357379,9.713633357
2024,Ngaglik,Sleman,38.37208369,20.24780934,52.76703111,0.007089181,0.018474841,13.86949769,36.14476036,4.247687478,11.06973369
2024,Ngampilan,Kota Yogyakarta,0.812149662,0.014726967,1.813331703,0,0,0.712551279,87.73644955,0.084871416,10.45021875
2024,Ngemplak,Sleman,36.5789438,25.47595522,69.64650307,0.06808198,0.186123418,8.179181933,22.36035567,2.855724671,7.807017848
2024,Pajangan,Bantul,33.28796194,26.28186573,78.95306351,0.393308625,1.18153411,2.229804802,6.698532059,4.382982783,13.16687033
2024,Pakem,Sleman,46.01997161,40.0289672,86.98172944,0.0630473,0.136999866,4.083590239,8.873517509,1.786377296,3.881743586
2024,Pakualaman,Kota Yogyakarta,0.642731472,0.004231567,0.658372512,0,0,0.571232321,88.8757353,0.067267583,10.46589219
2024,Piyungan,Bantul,33.25755314,26.05187806,78.33371851,0.002657466,0.007990563,3.966273328,11.92593247,3.236744285,9.732358454
2024,Pleret,Bantul,24.19801929,17.35383689,71.71593955,0.011077245,0.045777488,3.489512111,14.42065182,3.343593048,13.81763114
2024,Sedayu,Bantul,34.18604421,26.94016938,78.8045824,0.289225286,0.846033207,3.882232043,11.35618974,3.074417502,8.993194661
2024,Sewon,Bantul,27.90038464,12.98159259,46.52836424,0.069523036,0.249183075,9.993679925,35.81914749,4.85558909,17.40330519
2024,Seyegan,Sleman,26.5335286,17.85367725,67.28723314,0.003544357,0.013358032,4.023781604,15.16489444,4.652525389,17.53451438
2024,Sleman,Sleman,31.25154716,20.40587416,65.29556458,0.011519122,0.036859365,6.831605679,21.8600559,4.0025482,12.80752015
2024,Tegalrejo,Kota Yogyakarta,2.970089006,0.180837788,6.088631934,0,0,2.43350195,81.93363718,0.355749268,11.97773088
2024,Turi,Sleman,40.46445647,38.24378446,94.5120429,0.007089991,0.017521528,1.332688507,3.293479323,0.878234518,2.170385061
2024,Umbulharjo,Kota Yogyakarta,8.226847278,0.7425168,9.025532805,0.003620068,0.044003102,6.582630547,80.01401174,0.898079863,10.91645235
2024,Wirobrajan,Kota Yogyakarta,1.740886123,0.039522016,2.270224096,0,0,1.591284255,91.40656783,0.110079852,6.32320807
2029,Banguntapan,Bantul,28.41951806,10.47601192,36.86203228,0.005315434,0.018703463,15.01174754,52.82196379,2.926443166,10.29730047
2029,Bantul,Bantul,21.80665708,14.34528901,65.78398954,0,0,4.743182159,21.75107419,2.651276758,12.15810726
2029,Berbah,Sleman,25.04620459,16.20041717,64.68212424,8.86E-04,0.003537089,6.242651785,24.92454201,2.553941257,10.19691925
2029,Cangkringan,Sleman,48.62721596,44.40948548,91.32639943,0.007976533,0.016403433,3.632940069,7.471001573,0.519345537,1.068014129
2029,Danurejan,Kota Yogyakarta,1.068303758,0,0,0,0,1.025267916,95.97157257,0.043035842,4.028427428
2029,Depok,Sleman,32.12120046,5.860082019,18.24365819,0.023227337,0.072311546,23.96047273,74.59395161,2.277418377,7.090078652
2029,Gamping,Sleman,29.11178622,12.903019,44.32231985,0.018604378,0.063906687,13.45145152,46.20620465,2.738711321,9.407568813
2029,Gedongtengen,Kota Yogyakarta,0.942360865,0,0,0,0,0.891830964,94.63794566,0.050529902,5.36205434
2029,Godean,Sleman,26.74955973,14.53345612,54.33157129,0,0,8.916597679,33.33362406,3.299505937,12.33480465
2029,Gondokusuman,Kota Yogyakarta,4.055542786,0.019268471,0.475114475,0,0,3.9308432,96.92520601,0.105431115,2.599679513
2029,Gondomanan,Kota Yogyakarta,1.072507251,0.003543688,0.330411587,0,0,1.021248892,95.2206981,0.047714671,4.448890312
2029,Jetis,Bantul,23.52780964,17.31750655,73.60441459,0.01737401,0.07384457,2.455083418,10.43481504,3.647581498,15.50327699
2029,Jetis,Kota Yogyakarta,1.778561716,0,0,0,0,1.690549583,95.05149959,0.088012134,4.948500409
2029,Kalasan,Sleman,35.82102976,20.34488096,56.79591317,0,0,12.6866316,35.41671382,2.733436299,7.630814405
2029,Kasihan,Bantul,32.09275592,14.73708427,45.92028277,0.007086994,0.022082845,13.96157056,43.50380688,3.387014102,10.55382751
2029,Kotagede,Kota Yogyakarta,2.969277587,0.106027218,3.570808561,0,0,2.829687456,95.29885211,0.033562912,1.130339325
2029,Kraton,Kota Yogyakarta,1.569387203,0,0,0,0,1.539957637,98.12477341,0.029429566,1.875226593
2029,Mantrijeron,Kota Yogyakarta,2.599556538,0.012805426,0.492600417,0,0,2.566052765,98.71117351,0.020698347,0.796226073
2029,Mergangsan,Kota Yogyakarta,2.367042703,0.011818692,0.499302017,0,0,2.336300685,98.70124785,0.018923326,0.799450134
2029,Minggir,Sleman,26.89147495,23.41561472,87.07449019,0.178862949,0.665128818,2.343216367,8.713602997,0.8811883,3.276831418
2029,Mlati,Sleman,28.45928107,11.66100481,40.97434781,0,0,13.67638533,48.05597616,3.121890932,10.96967603
2029,Moyudan,Sleman,27.50111396,23.116627,84.05705688,0.168765405,0.613667524,2.448097771,8.901813123,1.711874339,6.224745448
2029,Ngaglik,Sleman,38.37208369,17.3386579,45.18560429,0,0,19.36482744,50.46592622,1.668598353,4.348469493
2029,Ngampilan,Kota Yogyakarta,0.812149662,2.78E-05,0.003422185,0,0,0.805625074,99.19662732,0.006496795,0.799950494
2029,Ngemplak,Sleman,36.5789438,23.75842177,64.95108742,0.028985139,0.079239957,11.7558937,32.13841757,1.024178848,2.79991367
2029,Pajangan,Bantul,33.28796194,27.40694324,82.33289646,0.38335654,1.151637163,2.198328687,6.603975009,3.238672779,9.729261242
2029,Pakem,Sleman,46.01997161,39.73003692,86.33216303,0.019539302,0.042458309,5.323272159,11.56730865,0.922668547,2.004930717
2029,Pakualaman,Kota Yogyakarta,0.642731472,0,0,0,0,0.639361504,99.47568032,0.003369968,0.524319676
2029,Piyungan,Bantul,33.25755314,26.85179034,80.73892336,0,0,4.600030589,13.83153646,1.731547672,5.206479455
2029,Pleret,Bantul,24.19801929,18.02015317,74.46953798,0,0,3.937479061,16.27190645,2.209101569,9.129266089
2029,Sedayu,Bantul,34.18604421,27.60673547,80.75440173,0.184850233,0.540718404,4.580057814,13.39744893,1.763570984,5.158745402
2029,Sewon,Bantul,27.90038464,12.8768307,46.15287878,0.037203311,0.133343361,12.07909613,43.29365449,2.907254502,10.42012337
2029,Seyegan,Sleman,26.5335286,17.99121337,67.80558154,0,0,5.25263848,19.79623049,3.265376189,12.30660361
2029,Sleman,Sleman,31.25154716,19.62359319,62.79238943,0.005316523,0.017012031,9.553443348,30.56950525,2.027627514,6.488086826
2029,Tegalrejo,Kota Yogyakarta,2.970089006,0.054030217,1.819144712,0,0,2.763279119,93.03691282,0.15277967,5.143942465
2029,Turi,Sleman,40.46445647,38.69913251,95.63734666,0,0,1.517784104,3.750906936,0.184992157,0.457171979
2029,Umbulharjo,Kota Yogyakarta,8.226847278,0.276282957,3.358309056,0,0,7.651344019,93.00457101,0.299220303,3.637119938
2029,Wirobrajan,Kota Yogyakarta,1.740886123,5.95E-03,0.34184756,0,0,1.714145302,98.46395347,0.020789644,1.194198971
