LST,NDBI,NDMI,NDVI,latitude,longitude,.geo
42.26798912,-0.158537209,0.158537209,0.674574435,-7.770361763,110.4125339,"{""type"":""Point"",""coordinates"":[110.41253387211995,-7.770361762703424]}"
38.35813367,-0.08849375,0.08849375,0.604207277,-7.936625038,110.3398411,"{""type"":""Point"",""coordinates"":[110.33984110330434,-7.936625038338266]}"
35.79572515,-0.311638475,0.311638475,0.702003956,-7.724872856,110.4838479,"{""type"":""Point"",""coordinates"":[110.48384790637792,-7.724872856480535]}"
27.75639645,-0.23389712,0.23389712,0.803821147,-7.595795367,110.4174285,"{""type"":""Point"",""coordinates"":[110.41742849495957,-7.595795367227805]}"
38.47680346,-0.209998846,0.209998846,0.57665962,-7.868250591,110.3715371,"{""type"":""Point"",""coordinates"":[110.37153711073344,-7.868250591315198]}"
37.21079529,-0.087477088,0.087477088,0.589957833,-7.872717599,110.4249728,"{""type"":""Point"",""coordinates"":[110.42497280416775,-7.872717599369666]}"
41.84136625,0.07232438,-0.07232438,0.201176122,-7.801442749,110.387,"{""type"":""Point"",""coordinates"":[110.38699997114709,-7.8014427489709]}"
36.92969569,-0.220282108,0.220282108,0.603775084,-7.77184944,110.456388,"{""type"":""Point"",""coordinates"":[110.45638797076803,-7.771849439587371]}"
36.76560835,-0.166779175,0.166779175,0.638513207,-7.715082427,110.3228802,"{""type"":""Point"",""coordinates"":[110.32288015404252,-7.715082426554498]}"
37.91285619,-0.15159227,0.15159227,0.571222067,-7.70147698,110.4019286,"{""type"":""Point"",""coordinates"":[110.4019286224315,-7.701476980264177]}"
44.10481186,-0.017249344,0.017249344,0.418198973,-7.766173545,110.411974,"{""type"":""Point"",""coordinates"":[110.41197404074629,-7.766173545147304]}"
40.62788199,0.022559708,-0.022559708,0.355870992,-7.765023375,110.4307338,"{""type"":""Point"",""coordinates"":[110.43073377629788,-7.765023375245363]}"
35.53635363,-0.327090383,0.327090383,0.794143438,-7.731113765,110.4159297,"{""type"":""Point"",""coordinates"":[110.41592972172076,-7.731113765209446]}"
30.24675422,-0.356871694,0.356871694,0.834827185,-7.614036364,110.3965219,"{""type"":""Point"",""coordinates"":[110.39652193982936,-7.6140363637897215]}"
35.93644869,-0.304215044,0.304215044,0.752037168,-7.939300812,110.3622693,"{""type"":""Point"",""coordinates"":[110.36226934082448,-7.939300811619405]}"
35.9689001,-0.396029115,0.396029115,0.804753363,-7.851321668,110.4141266,"{""type"":""Point"",""coordinates"":[110.41412664916224,-7.851321667679215]}"
33.50840217,-0.069126733,0.069126733,0.524061978,-7.602079332,110.4225901,"{""type"":""Point"",""coordinates"":[110.42259013934705,-7.602079332112401]}"
38.42078936,-0.244874284,0.244874284,0.665030599,-7.804461582,110.4575921,"{""type"":""Point"",""coordinates"":[110.45759209649955,-7.804461581816738]}"
36.56921731,-0.333012521,0.333012521,0.721720815,-7.79555346,110.2501963,"{""type"":""Point"",""coordinates"":[110.25019633883765,-7.79555345990004]}"
38.43805712,-0.254393399,0.254393399,0.724755764,-7.894102179,110.4104636,"{""type"":""Point"",""coordinates"":[110.41046360026725,-7.894102178783462]}"
33.77490583,-0.226413757,0.226413757,0.654022455,-7.672921277,110.3961813,"{""type"":""Point"",""coordinates"":[110.39618129981172,-7.67292127674774]}"
37.438793,-0.358662427,0.358662427,0.73168987,-7.838628529,110.4049476,"{""type"":""Point"",""coordinates"":[110.40494755740481,-7.838628528940007]}"
43.88716965,0.032846097,-0.032846097,0.389680713,-7.794314203,110.3620487,"{""type"":""Point"",""coordinates"":[110.36204872927165,-7.794314203022139]}"
38.18181992,-0.0269635,0.0269635,0.468810886,-7.704335716,110.3458622,"{""type"":""Point"",""coordinates"":[110.34586222858722,-7.70433571605258]}"
40.45590925,-0.003760585,0.003760585,0.441285968,-7.881547215,110.4063082,"{""type"":""Point"",""coordinates"":[110.40630823138774,-7.881547214668725]}"
39.67022858,0.094071008,-0.094071008,0.296779811,-7.732125716,110.3686792,"{""type"":""Point"",""coordinates"":[110.36867923847458,-7.7321257160655295]}"
34.2721688,-0.295418859,0.295418859,0.724629104,-7.692413521,110.4642871,"{""type"":""Point"",""coordinates"":[110.4642870862866,-7.692413521240094]}"
40.5133282,-0.151930228,0.151930228,0.528831184,-7.787642167,110.4655143,"{""type"":""Point"",""coordinates"":[110.46551427125047,-7.787642166781355]}"
34.01556908,-0.306619793,0.306619793,0.7896474,-7.66024211,110.3888975,"{""type"":""Point"",""coordinates"":[110.38889746958517,-7.660242110352339]}"
43.91361158,-0.072822407,0.072822407,0.347225487,-7.82467011,110.3677213,"{""type"":""Point"",""coordinates"":[110.36772130703791,-7.824670110485321]}"
33.46494991,-0.156667948,0.156667948,0.617827416,-7.699449593,110.3583879,"{""type"":""Point"",""coordinates"":[110.35838791399014,-7.699449593137827]}"
45.7046896,0.177007541,-0.177007541,0.282316744,-7.813019387,110.3740407,"{""type"":""Point"",""coordinates"":[110.37404067234739,-7.813019387477197]}"
39.33016673,-0.003659058,0.003659058,0.438840956,-7.83841984,110.317976,"{""type"":""Point"",""coordinates"":[110.31797600735062,-7.838419840426047]}"
40.64549811,-0.126481235,0.126481235,0.535299599,-7.891958739,110.304873,"{""type"":""Point"",""coordinates"":[110.30487298814971,-7.891958738542144]}"
36.60685276,-0.382012576,0.382012576,0.780136883,-7.683606891,110.4245936,"{""type"":""Point"",""coordinates"":[110.42459359060756,-7.683606890910896]}"
37.72236749,-0.184668168,0.184668168,0.614063978,-7.75688959,110.2696344,"{""type"":""Point"",""coordinates"":[110.26963439225774,-7.756889590491198]}"
30.57869056,-0.195232377,0.195232377,0.657373011,-7.609086801,110.4596657,"{""type"":""Point"",""coordinates"":[110.45966572420203,-7.6090868011433805]}"
36.49822698,-0.19276917,0.19276917,0.698274672,-7.833369171,110.2515074,"{""type"":""Point"",""coordinates"":[110.25150739333829,-7.833369171246459]}"
39.48281834,-0.01587061,0.01587061,0.361085415,-7.882017206,110.276894,"{""type"":""Point"",""coordinates"":[110.27689402990562,-7.882017205782662]}"
34.65263577,-0.123314321,0.123314321,0.484147787,-7.702943468,110.3802103,"{""type"":""Point"",""coordinates"":[110.3802103178288,-7.7029434679789235]}"
33.93350129,-0.197851867,0.197851867,0.719933331,-7.624437399,110.4477405,"{""type"":""Point"",""coordinates"":[110.44774049076703,-7.624437399317774]}"
36.40654806,-0.42258668,0.42258668,0.819957078,-7.87827322,110.364287,"{""type"":""Point"",""coordinates"":[110.36428696869503,-7.8782732199277765]}"
35.3426561,-0.31168288,0.31168288,0.754618883,-7.668072458,110.4617148,"{""type"":""Point"",""coordinates"":[110.46171478975276,-7.668072458092858]}"
35.8115751,-0.348641753,0.348641753,0.811984479,-7.757441712,110.2251084,"{""type"":""Point"",""coordinates"":[110.22510838740119,-7.757441712057819]}"
34.53822097,-0.216984853,0.216984853,0.61573863,-7.649959152,110.3585647,"{""type"":""Point"",""coordinates"":[110.35856469378443,-7.649959151717012]}"
39.97151806,-0.052372102,0.052372102,0.540888727,-7.836992437,110.2349828,"{""type"":""Point"",""coordinates"":[110.23498278045645,-7.8369924367140475]}"
40.04747266,-0.253245235,0.253245235,0.698374629,-7.728034094,110.3314501,"{""type"":""Point"",""coordinates"":[110.3314501034736,-7.728034093912808]}"
41.86598995,0.089565732,-0.089565732,0.370591968,-7.837560884,110.3520254,"{""type"":""Point"",""coordinates"":[110.35202538699767,-7.83756088425724]}"
32.65216723,-0.356118202,0.356118202,0.757907987,-7.639179324,110.413535,"{""type"":""Point"",""coordinates"":[110.41353504778137,-7.63917932400967]}"
39.1946854,-0.28142482,0.28142482,0.684142709,-7.811341231,110.4816004,"{""type"":""Point"",""coordinates"":[110.48160038683507,-7.811341231174275]}"
24.24353145,-0.377167851,0.377167851,0.837284625,-7.570898257,110.4244896,"{""type"":""Point"",""coordinates"":[110.42448957856419,-7.570898256852803]}"
40.32804964,0.039258111,-0.039258111,0.443475306,-7.878485689,110.2775257,"{""type"":""Point"",""coordinates"":[110.27752571163832,-7.878485689024517]}"
36.82231158,-0.212175891,0.212175891,0.685314357,-7.829359928,110.243152,"{""type"":""Point"",""coordinates"":[110.24315195372486,-7.829359927837564]}"
37.45848826,-0.146042019,0.146042019,0.627479494,-7.846203264,110.4689265,"{""type"":""Point"",""coordinates"":[110.46892650222362,-7.846203264138122]}"
36.63607887,-0.223353952,0.223353952,0.624382377,-7.740055899,110.3185704,"{""type"":""Point"",""coordinates"":[110.31857044604864,-7.740055899293534]}"
43.9234899,-0.017079933,0.017079933,0.487482399,-7.818794159,110.3697742,"{""type"":""Point"",""coordinates"":[110.36977421522789,-7.818794159386468]}"
31.72518066,-0.313537121,0.313537121,0.74525696,-7.644042478,110.4343724,"{""type"":""Point"",""coordinates"":[110.43437242464672,-7.644042478463999]}"
38.39872069,-0.14596498,0.14596498,0.595464826,-7.856544443,110.2511746,"{""type"":""Point"",""coordinates"":[110.25117462208352,-7.856544443466447]}"
32.33717486,-0.334816873,0.334816873,0.821944416,-7.611961808,110.3801835,"{""type"":""Point"",""coordinates"":[110.38018351863714,-7.61196180836657]}"
42.37055201,0.012000464,-0.012000464,0.407685876,-7.738968137,110.3885464,"{""type"":""Point"",""coordinates"":[110.38854643610246,-7.738968137043335]}"
41.36664341,0.027704395,-0.027704395,0.30255422,-7.766232315,110.4699644,"{""type"":""Point"",""coordinates"":[110.46996443015014,-7.766232314823733]}"
45.86430911,0.06338387,-0.06338387,0.393007755,-7.809782708,110.3606378,"{""type"":""Point"",""coordinates"":[110.36063782231793,-7.809782708347466]}"
37.12465142,-0.310969591,0.310969591,0.773901641,-7.737127581,110.4265606,"{""type"":""Point"",""coordinates"":[110.42656057893255,-7.737127580841773]}"
40.23182998,-0.12970832,0.12970832,0.583182752,-7.886930743,110.4122152,"{""type"":""Point"",""coordinates"":[110.41221518652283,-7.886930742717244]}"
39.23315484,-0.314608961,0.314608961,0.736256361,-7.839681543,110.3992233,"{""type"":""Point"",""coordinates"":[110.399223311475,-7.839681543064433]}"
36.48357184,-0.191510305,0.191510305,0.533060134,-7.709296911,110.4448775,"{""type"":""Point"",""coordinates"":[110.44487747162091,-7.709296911168566]}"
41.57540564,-0.080995962,0.080995962,0.602075636,-7.867488521,110.3942076,"{""type"":""Point"",""coordinates"":[110.39420757989866,-7.867488521471336]}"
34.60127985,-0.172562912,0.172562912,0.578428924,-7.737235295,110.2904901,"{""type"":""Point"",""coordinates"":[110.29049006747536,-7.737235294792332]}"
40.27782936,-0.069229886,0.069229886,0.475534827,-7.867448469,110.3460042,"{""type"":""Point"",""coordinates"":[110.34600420425672,-7.867448468522727]}"
32.85510113,-0.313788801,0.313788801,0.838449955,-7.633216738,110.3852556,"{""type"":""Point"",""coordinates"":[110.38525559325534,-7.633216738404537]}"
38.66072811,-0.295487553,0.295487553,0.667139769,-7.886577993,110.3629171,"{""type"":""Point"",""coordinates"":[110.36291711164178,-7.886577992525551]}"
34.3361031,-0.193817213,0.193817213,0.698309183,-7.82945413,110.2965086,"{""type"":""Point"",""coordinates"":[110.29650858820503,-7.829454130263605]}"
39.25973166,-0.223912254,0.223912254,0.70481211,-7.819992516,110.478565,"{""type"":""Point"",""coordinates"":[110.47856496984573,-7.819992515549465]}"
42.08431276,-0.084437057,0.084437057,0.519475162,-7.801644883,110.2737158,"{""type"":""Point"",""coordinates"":[110.27371579466977,-7.801644882774576]}"
35.90931597,-0.381569058,0.381569058,0.784501314,-7.770990075,110.2718021,"{""type"":""Point"",""coordinates"":[110.27180212739292,-7.770990074553366]}"
36.1345181,-0.249072298,0.249072298,0.69633311,-7.862244262,110.3201857,"{""type"":""Point"",""coordinates"":[110.32018566255825,-7.8622442624540225]}"
34.79130806,-0.343908548,0.343908548,0.810989916,-7.685053136,110.4322123,"{""type"":""Point"",""coordinates"":[110.43221234855845,-7.685053135556516]}"
41.04156567,-0.123144396,0.123144396,0.544645846,-7.881112448,110.3091126,"{""type"":""Point"",""coordinates"":[110.3091126122643,-7.881112448107371]}"
42.37003017,-0.034362964,0.034362964,0.471676827,-7.895776309,110.2796258,"{""type"":""Point"",""coordinates"":[110.27962578316736,-7.895776309082075]}"
42.90232793,0.08118175,-0.08118175,0.332823306,-7.829184928,110.3725007,"{""type"":""Point"",""coordinates"":[110.37250074612442,-7.829184927910035]}"
35.5253691,-0.307355553,0.307355553,0.698477387,-7.700853235,110.3041949,"{""type"":""Point"",""coordinates"":[110.30419486936229,-7.70085323453517]}"
37.82428919,-0.060626052,0.060626052,0.51078701,-7.710478401,110.3217962,"{""type"":""Point"",""coordinates"":[110.32179618728443,-7.710478401431085]}"
39.0575793,-0.19956772,0.19956772,0.682965517,-7.900470382,110.3431435,"{""type"":""Point"",""coordinates"":[110.3431435422553,-7.900470382013689]}"
35.97910152,-0.283159047,0.283159047,0.728474557,-7.711229107,110.3232142,"{""type"":""Point"",""coordinates"":[110.32321417763826,-7.711229107092166]}"
35.80037492,-0.225704923,0.225704923,0.743191242,-7.828162401,110.5119839,"{""type"":""Point"",""coordinates"":[110.51198389502844,-7.82816240074746]}"
35.65078156,-0.244611248,0.244611248,0.693550289,-7.718291009,110.3126738,"{""type"":""Point"",""coordinates"":[110.31267380013286,-7.718291009449709]}"
37.57441941,-0.236723706,0.236723706,0.635756552,-7.800853822,110.4648697,"{""type"":""Point"",""coordinates"":[110.46486971660154,-7.800853821637049]}"
38.86769768,-0.171933755,0.171933755,0.563484907,-7.851716479,110.3826537,"{""type"":""Point"",""coordinates"":[110.38265373180387,-7.851716479097354]}"
24.77789552,-0.365354747,0.365354747,0.865893185,-7.570070633,110.4190908,"{""type"":""Point"",""coordinates"":[110.41909076394504,-7.5700706332307055]}"
32.99375445,-0.276542395,0.276542395,0.754047871,-7.667740361,110.3429592,"{""type"":""Point"",""coordinates"":[110.34295919885868,-7.667740361009548]}"
36.19456369,-0.202378094,0.202378094,0.691584051,-7.699028994,110.4401229,"{""type"":""Point"",""coordinates"":[110.44012285892222,-7.69902899371124]}"
29.78489424,-0.257574469,0.257574469,0.662086725,-7.608521076,110.3920294,"{""type"":""Point"",""coordinates"":[110.39202938141356,-7.608521076132403]}"
39.4042297,0.037192229,-0.037192229,0.463425368,-7.875045064,110.3082208,"{""type"":""Point"",""coordinates"":[110.30822084419209,-7.875045063870205]}"
34.55570904,-0.393956095,0.393956095,0.806866765,-7.831616629,110.4871337,"{""type"":""Point"",""coordinates"":[110.48713369536874,-7.831616628714963]}"
31.32800232,-0.32583037,0.32583037,0.809500039,-7.649545474,110.4637341,"{""type"":""Point"",""coordinates"":[110.46373407839334,-7.6495454735695505]}"
34.77660556,-0.192891374,0.192891374,0.681328774,-7.747795415,110.2750512,"{""type"":""Point"",""coordinates"":[110.27505120728077,-7.747795415406696]}"
41.09654568,0.033455804,-0.033455804,0.366256744,-7.691151197,110.3430121,"{""type"":""Point"",""coordinates"":[110.34301210596831,-7.691151196780629]}"
34.36877733,-0.364525676,0.364525676,0.8474406,-7.690554038,110.4643961,"{""type"":""Point"",""coordinates"":[110.46439612370108,-7.690554037897156]}"
35.594101,-0.232165307,0.232165307,0.603409529,-7.697613785,110.3732962,"{""type"":""Point"",""coordinates"":[110.37329619232796,-7.69761378467774]}"
39.27159986,-0.04122781,0.04122781,0.552675545,-7.855262403,110.4533635,"{""type"":""Point"",""coordinates"":[110.45336354060328,-7.855262402909473]}"
35.25607108,-0.309094697,0.309094697,0.732007742,-7.740729814,110.2201447,"{""type"":""Point"",""coordinates"":[110.22014473312575,-7.740729814153427]}"
34.22860997,-0.164028436,0.164028436,0.571482837,-7.67408752,110.3890685,"{""type"":""Point"",""coordinates"":[110.38906853713128,-7.67408751973361]}"
39.85028385,-0.115385532,0.115385532,0.582775295,-7.837383781,110.2332666,"{""type"":""Point"",""coordinates"":[110.23326657169514,-7.837383780946496]}"
32.95559158,-0.223232701,0.223232701,0.730195344,-7.60723184,110.3827173,"{""type"":""Point"",""coordinates"":[110.38271725674961,-7.607231840450724]}"
40.05988634,-0.004762035,0.004762035,0.527186394,-7.871114843,110.3986743,"{""type"":""Point"",""coordinates"":[110.39867434721931,-7.871114843299749]}"
39.80097164,-0.039345711,0.039345711,0.40818727,-7.88520837,110.3407998,"{""type"":""Point"",""coordinates"":[110.34079977522848,-7.885208370047135]}"
35.63787157,-0.224934861,0.224934861,0.660031617,-7.753664973,110.3064487,"{""type"":""Point"",""coordinates"":[110.30644868410567,-7.753664972538705]}"
34.35090467,-0.22379373,0.22379373,0.653412104,-7.720193208,110.2974573,"{""type"":""Point"",""coordinates"":[110.29745727624491,-7.720193208117743]}"
43.0245579,-0.073258035,0.073258035,0.45597893,-7.832546371,110.4802718,"{""type"":""Point"",""coordinates"":[110.48027183453874,-7.8325463713158445]}"
39.0712028,-0.026714113,0.026714113,0.497828156,-7.867728311,110.322071,"{""type"":""Point"",""coordinates"":[110.32207098296614,-7.867728311136895]}"
36.53085012,-0.289464086,0.289464086,0.703402698,-7.860496225,110.4475949,"{""type"":""Point"",""coordinates"":[110.44759487956638,-7.860496224595411]}"
38.53923007,-0.264524996,0.264524996,0.639630854,-7.73442332,110.3858829,"{""type"":""Point"",""coordinates"":[110.38588288188029,-7.734423319695575]}"
35.1671891,-0.228594154,0.228594154,0.605312407,-7.718189221,110.2600188,"{""type"":""Point"",""coordinates"":[110.26001882562146,-7.7181892213178225]}"
33.06949004,-0.356339127,0.356339127,0.743791521,-7.702045085,110.3551932,"{""type"":""Point"",""coordinates"":[110.3551932391525,-7.7020450851685665]}"
41.08279522,0.041408606,-0.041408606,0.287834138,-7.74314745,110.4123182,"{""type"":""Point"",""coordinates"":[110.4123182332141,-7.743147450181355]}"
33.85066304,-0.317972988,0.317972988,-0.137385517,-7.833872579,110.2270854,"{""type"":""Point"",""coordinates"":[110.22708535221636,-7.833872578744636]}"
41.0327712,-0.04506642,0.04506642,0.457177818,-7.794394665,110.4086435,"{""type"":""Point"",""coordinates"":[110.40864347648692,-7.7943946645704125]}"
28.21072245,-0.303610504,0.303610504,0.806545258,-7.589849072,110.4017281,"{""type"":""Point"",""coordinates"":[110.40172808578166,-7.589849071807745]}"
44.70828675,0.167398766,-0.167398766,0.181328714,-7.7622289,110.3807692,"{""type"":""Point"",""coordinates"":[110.3807691775612,-7.762228899687935]}"
37.2086793,-0.202772021,0.202772021,0.701496005,-7.881419829,110.4361032,"{""type"":""Point"",""coordinates"":[110.43610322020328,-7.881419829038449]}"
43.70065317,0.034717891,-0.034717891,0.243728563,-7.821307858,110.3642052,"{""type"":""Point"",""coordinates"":[110.3642052368002,-7.821307857785742]}"
38.03105822,-0.092150241,0.092150241,0.460570306,-7.832944692,110.3274542,"{""type"":""Point"",""coordinates"":[110.32745417757036,-7.83294469249828]}"
41.33846325,-0.108344965,0.108344965,0.57414633,-7.81699523,110.4789034,"{""type"":""Point"",""coordinates"":[110.47890341623086,-7.81699522958638]}"
42.57026614,0.013429153,-0.013429153,0.28254655,-7.782790119,110.3632088,"{""type"":""Point"",""coordinates"":[110.3632087509495,-7.782790118531946]}"
39.79128027,-0.187879697,0.187879697,0.616806865,-7.835296568,110.3461354,"{""type"":""Point"",""coordinates"":[110.34613537535147,-7.835296568497474]}"
34.06516409,-0.375709623,0.375709623,0.80448997,-7.665141952,110.4714717,"{""type"":""Point"",""coordinates"":[110.47147174364419,-7.665141952438307]}"
39.19139076,-0.128809124,0.128809124,0.527808368,-7.823600701,110.4743073,"{""type"":""Point"",""coordinates"":[110.47430727860979,-7.823600701354933]}"
34.95978792,-0.222544685,0.222544685,0.619868815,-7.708618808,110.4120186,"{""type"":""Point"",""coordinates"":[110.4120185687961,-7.708618808398573]}"
36.41728192,-0.241738215,0.241738215,0.693703651,-7.820795108,110.2956312,"{""type"":""Point"",""coordinates"":[110.29563118396601,-7.820795107998356]}"
44.72874222,0.129526392,-0.129526392,0.269706994,-7.8308949,110.3952567,"{""type"":""Point"",""coordinates"":[110.39525674407862,-7.830894899740587]}"
43.32375638,0.043896049,-0.043896049,0.468182087,-7.768604027,110.3388534,"{""type"":""Point"",""coordinates"":[110.33885336166239,-7.768604027199684]}"
38.18424738,-0.023340695,0.023340695,0.434737533,-7.81909194,110.2509144,"{""type"":""Point"",""coordinates"":[110.25091439080279,-7.819091940298437]}"
41.22988527,0.097648226,-0.097648226,0.348932356,-7.868923563,110.4065339,"{""type"":""Point"",""coordinates"":[110.40653388218452,-7.86892356262066]}"
42.88669024,-0.158884302,0.158884302,0.560698688,-7.771365764,110.3867798,"{""type"":""Point"",""coordinates"":[110.38677975085507,-7.771365763763994]}"
32.4285305,-0.283413857,0.283413857,0.687594116,-7.64288335,110.4361578,"{""type"":""Point"",""coordinates"":[110.43615776469481,-7.642883349946645]}"
33.93982821,-0.308696955,0.308696955,0.638189077,-7.705603842,110.4499277,"{""type"":""Point"",""coordinates"":[110.44992771255173,-7.705603842076203]}"
40.2962216,-0.140450522,0.140450522,0.613004744,-7.928410875,110.3645421,"{""type"":""Point"",""coordinates"":[110.36454209850194,-7.928410875458465]}"
36.33711045,-0.335980684,0.335980684,0.775273562,-7.819862054,110.2659989,"{""type"":""Point"",""coordinates"":[110.2659988791591,-7.819862054488226]}"
41.87821301,0.059302159,-0.059302159,0.356294572,-7.847590983,110.3215492,"{""type"":""Point"",""coordinates"":[110.32154921914231,-7.8475909829833155]}"
37.57122427,-0.157811731,0.157811731,0.591851413,-7.738500109,110.3393488,"{""type"":""Point"",""coordinates"":[110.33934876120168,-7.7385001090822385]}"
36.34196084,-0.21233651,0.21233651,0.614099443,-7.711059537,110.290824,"{""type"":""Point"",""coordinates"":[110.29082401249401,-7.711059537317467]}"
38.65901922,-0.266075611,0.266075611,0.692378283,-7.854710841,110.3357939,"{""type"":""Point"",""coordinates"":[110.33579388453627,-7.854710840702891]}"
29.35759958,-0.462952137,0.462952137,0.879388571,-7.642475704,110.4675106,"{""type"":""Point"",""coordinates"":[110.46751062031235,-7.642475703790745]}"
37.34021163,-0.027087491,0.027087491,0.380387157,-7.856374405,110.4380191,"{""type"":""Point"",""coordinates"":[110.43801905676676,-7.856374405155465]}"
35.93580668,-0.176713809,0.176713809,0.565468192,-7.776252338,110.2537501,"{""type"":""Point"",""coordinates"":[110.2537501460562,-7.77625233798039]}"
35.45925898,-0.197841466,0.197841466,0.690659761,-7.84043455,110.2646412,"{""type"":""Point"",""coordinates"":[110.26464118160156,-7.840434549946047]}"
37.73609159,-0.20193477,0.20193477,0.603329122,-7.883354938,110.3692191,"{""type"":""Point"",""coordinates"":[110.3692190908582,-7.883354937902982]}"
44.60808104,0.037345309,-0.037345309,0.426866293,-7.754877516,110.3922399,"{""type"":""Point"",""coordinates"":[110.39223988468463,-7.7548775162739965]}"
41.06173546,0.002079717,-0.002079717,0.374640405,-7.747988225,110.4268211,"{""type"":""Point"",""coordinates"":[110.42682105438912,-7.747988224895319]}"
36.81419971,-0.194659382,0.194659382,0.588269293,-7.756569897,110.2479756,"{""type"":""Point"",""coordinates"":[110.24797557425596,-7.756569896637036]}"
34.6981837,-0.300026,0.300026,0.759621501,-7.743094068,110.2648425,"{""type"":""Point"",""coordinates"":[110.26484246167273,-7.743094067742704]}"
35.48550739,-0.328126609,0.328126609,0.704518676,-7.645483611,110.4123677,"{""type"":""Point"",""coordinates"":[110.4123677310198,-7.645483611270889]}"
39.80501567,-0.062770911,0.062770911,0.539966047,-7.774573747,110.2535496,"{""type"":""Point"",""coordinates"":[110.25354959702872,-7.774573747149494]}"
33.26547695,-0.269546717,0.269546717,0.708310843,-7.654532705,110.4374373,"{""type"":""Point"",""coordinates"":[110.43743732456001,-7.654532705379691]}"
42.8402921,0.078878574,-0.078878574,0.360791504,-7.795532164,110.3569341,"{""type"":""Point"",""coordinates"":[110.35693407625524,-7.7955321642553]}"
35.33473355,-0.341777444,0.341777444,0.742968023,-7.833226543,110.4737771,"{""type"":""Point"",""coordinates"":[110.47377710602171,-7.833226542934848]}"
35.9237708,-0.255830288,0.255830288,0.739266932,-7.888064811,110.3977949,"{""type"":""Point"",""coordinates"":[110.39779491168856,-7.8880648113174985]}"
34.88606544,-0.137612358,0.137612358,0.510149121,-7.661236441,110.3943106,"{""type"":""Point"",""coordinates"":[110.39431056235803,-7.661236440700722]}"
43.76321193,0.153416395,-0.153416395,0.256389141,-7.824825133,110.4006041,"{""type"":""Point"",""coordinates"":[110.40060407154893,-7.824825133226336]}"
41.67129687,-0.084658675,0.084658675,0.520574451,-7.769610382,110.4146611,"{""type"":""Point"",""coordinates"":[110.41466111333878,-7.769610381808297]}"
33.00798729,-0.374686778,0.374686778,0.819913983,-7.733767834,110.3498712,"{""type"":""Point"",""coordinates"":[110.34987115937156,-7.733767834142629]}"
39.58008934,-0.146403641,0.146403641,0.504065454,-7.781071985,110.4386693,"{""type"":""Point"",""coordinates"":[110.43866925340804,-7.781071984754573]}"
39.03224881,-0.263932556,0.263932556,0.745345712,-7.884563889,110.3992283,"{""type"":""Point"",""coordinates"":[110.39922834617772,-7.884563889195839]}"
35.15943705,-0.329325914,0.329325914,0.651317775,-7.692088046,110.4636245,"{""type"":""Point"",""coordinates"":[110.46362452962626,-7.6920880457453835]}"
38.08472394,0.008246015,-0.008246015,0.502056241,-7.782199066,110.2374816,"{""type"":""Point"",""coordinates"":[110.23748156268864,-7.782199065916134]}"
36.07449173,-0.247565836,0.247565836,0.59539932,-7.829235877,110.254116,"{""type"":""Point"",""coordinates"":[110.25411603622376,-7.829235877206804]}"
39.49830213,-0.158335447,0.158335447,0.624340951,-7.93464866,110.3493874,"{""type"":""Point"",""coordinates"":[110.34938737879838,-7.934648659500096]}"
42.14364149,-0.114334114,0.114334114,0.374433696,-7.743793958,110.4516164,"{""type"":""Point"",""coordinates"":[110.45161638535089,-7.743793957775817]}"
38.94853856,-0.081239432,0.081239432,0.601878703,-7.851888533,110.2416921,"{""type"":""Point"",""coordinates"":[110.2416921138828,-7.851888533100192]}"
38.57990543,-0.387912989,0.387912989,0.751089275,-7.843212698,110.3575056,"{""type"":""Point"",""coordinates"":[110.35750563519852,-7.843212697945624]}"
35.34791275,-0.202750236,0.202750236,0.749470294,-7.846211643,110.4765989,"{""type"":""Point"",""coordinates"":[110.47659886894071,-7.846211643058332]}"
36.30100187,-0.102792695,0.102792695,0.528288543,-7.834536752,110.2959315,"{""type"":""Point"",""coordinates"":[110.2959314846077,-7.834536752415281]}"
34.65158002,-0.344848722,0.344848722,0.803137541,-7.815595887,110.4399498,"{""type"":""Point"",""coordinates"":[110.43994980558836,-7.815595886641261]}"
35.30846755,-0.267906964,0.267906964,0.684169352,-7.682262002,110.3562,"{""type"":""Point"",""coordinates"":[110.35620003760634,-7.682262001514267]}"
34.95268058,-0.263098627,0.263098627,0.663388252,-7.745794743,110.2929193,"{""type"":""Point"",""coordinates"":[110.2929193377724,-7.7457947425451446]}"
37.98186045,-0.274729848,0.274729848,0.697243929,-7.751342422,110.478624,"{""type"":""Point"",""coordinates"":[110.47862396779993,-7.751342422007656]}"
32.60396605,-0.381091982,0.381091982,0.815925419,-7.653608071,110.3454894,"{""type"":""Point"",""coordinates"":[110.34548942942556,-7.653608070960816]}"
37.74066256,-0.116884731,0.116884731,0.5494712,-7.720692348,110.3454507,"{""type"":""Point"",""coordinates"":[110.34545069612112,-7.720692347933064]}"
40.18554223,0.098277546,-0.098277546,0.31456992,-7.779062688,110.3289813,"{""type"":""Point"",""coordinates"":[110.32898125082535,-7.7790626882351]}"
37.38133615,-0.303210229,0.303210229,0.772157133,-7.831472714,110.5032002,"{""type"":""Point"",""coordinates"":[110.50320022214684,-7.831472714420298]}"
36.1094585,-0.281547517,0.281547517,0.768022955,-7.720786539,110.418576,"{""type"":""Point"",""coordinates"":[110.41857599492168,-7.720786538876555]}"
40.8945037,-0.311259955,0.311259955,0.784557283,-7.753629163,110.3573874,"{""type"":""Point"",""coordinates"":[110.35738743037894,-7.753629163259434]}"
38.35014437,-0.175210238,0.175210238,0.607705593,-7.818416575,110.4679789,"{""type"":""Point"",""coordinates"":[110.46797893066403,-7.818416574686256]}"
40.4452471,-0.200704515,0.200704515,0.625203252,-7.88256285,110.3849602,"{""type"":""Point"",""coordinates"":[110.38496017773053,-7.8825628499529286]}"
35.54332984,-0.318866015,0.318866015,0.774930596,-7.840598042,110.2615479,"{""type"":""Point"",""coordinates"":[110.26154794953273,-7.840598041653647]}"
37.52698321,-0.127804011,0.127804011,0.522093773,-7.883022789,110.3884432,"{""type"":""Point"",""coordinates"":[110.38844319413171,-7.883022789154623]}"
41.02197919,-0.142107844,0.142107844,0.558018148,-7.723126185,110.4254813,"{""type"":""Point"",""coordinates"":[110.42548125909539,-7.72312618495092]}"
37.38844737,-0.100939542,0.100939542,0.609982193,-7.873606836,110.3046461,"{""type"":""Point"",""coordinates"":[110.30464613313964,-7.873606836132517]}"
35.40824069,0.239974484,-0.239974484,0.060791001,-7.849419516,110.2441816,"{""type"":""Point"",""coordinates"":[110.24418162473826,-7.849419516001903]}"
26.13407037,-0.410818279,0.410818279,0.86817193,-7.57265473,110.4120379,"{""type"":""Point"",""coordinates"":[110.41203785899897,-7.572654729818562]}"
31.37147269,-0.293359637,0.293359637,0.744437635,-7.652200497,110.4659504,"{""type"":""Point"",""coordinates"":[110.46595044435631,-7.65220049706244]}"
36.51332344,-0.239200816,0.239200816,0.663552344,-7.71492022,110.3269257,"{""type"":""Point"",""coordinates"":[110.32692570009837,-7.714920220040765]}"
35.59327937,-0.290560126,0.290560126,0.711029232,-7.742543863,110.4846582,"{""type"":""Point"",""coordinates"":[110.48465823140035,-7.7425438632574055]}"
38.36750877,-0.307438254,0.307438254,0.710276365,-7.877827631,110.360466,"{""type"":""Point"",""coordinates"":[110.36046597543746,-7.877827630795813]}"
43.27623142,0.141463876,-0.141463876,0.158141777,-7.762995121,110.379713,"{""type"":""Point"",""coordinates"":[110.37971302400227,-7.762995120607011]}"
42.33814042,-0.043869011,0.043869011,0.521682143,-7.828675985,110.3711765,"{""type"":""Point"",""coordinates"":[110.37117649357675,-7.828675984805265]}"
36.19645313,-0.227601454,0.227601454,0.665374816,-7.795082247,110.4533266,"{""type"":""Point"",""coordinates"":[110.4533266069157,-7.7950822468755]}"
38.59339526,-0.183318332,0.183318332,0.668017924,-7.934093359,110.3566281,"{""type"":""Point"",""coordinates"":[110.35662809169948,-7.934093359273217]}"
36.75216072,-0.265808493,0.265808493,0.594287574,-7.792311409,110.311116,"{""type"":""Point"",""coordinates"":[110.31111601995944,-7.792311409497479]}"
40.17165334,0.063382566,-0.063382566,0.411200583,-7.743552178,110.4360127,"{""type"":""Point"",""coordinates"":[110.43601274695412,-7.743552178093647]}"
41.15571721,-0.217861995,0.217861995,0.623777986,-7.849760285,110.3418577,"{""type"":""Point"",""coordinates"":[110.34185774562958,-7.849760285197273]}"
32.43053294,-0.113522403,0.113522403,0.605477572,-7.635123803,110.4090854,"{""type"":""Point"",""coordinates"":[110.40908541114658,-7.635123803371551]}"
31.91393932,-0.318405956,0.318405956,0.814101398,-7.625821801,110.3912084,"{""type"":""Point"",""coordinates"":[110.39120836793256,-7.62582180106793]}"
35.29609571,-0.185938299,0.185938299,0.685188651,-7.665128531,110.4702561,"{""type"":""Point"",""coordinates"":[110.47025614020002,-7.665128530929711]}"
34.58964735,-0.17861405,0.17861405,0.500420451,-7.658847484,110.4376427,"{""type"":""Point"",""coordinates"":[110.43764266202689,-7.658847484236419]}"
34.63839598,-0.202932596,0.202932596,0.534424961,-7.669465969,110.43161,"{""type"":""Point"",""coordinates"":[110.43161002443632,-7.669465969086599]}"
36.16078247,-0.117036894,0.117036894,0.594315171,-7.758240265,110.2913069,"{""type"":""Point"",""coordinates"":[110.2913068877872,-7.758240265300911]}"
39.67913158,-0.158665478,0.158665478,0.674902976,-7.820719646,110.2492788,"{""type"":""Point"",""coordinates"":[110.24927878249312,-7.820719645841838]}"
38.67699824,-0.049499944,0.049499944,0.551739693,-7.788969616,110.2343867,"{""type"":""Point"",""coordinates"":[110.23438667998306,-7.788969616498803]}"
30.23972439,-0.39724046,0.39724046,0.881568074,-7.617671393,110.4008489,"{""type"":""Point"",""coordinates"":[110.4008489256561,-7.617671392839356]}"
35.68813308,-0.164412633,0.164412633,0.710071325,-7.824666906,110.4979838,"{""type"":""Point"",""coordinates"":[110.49798377984288,-7.824666905565679]}"
34.26733386,-0.322548032,0.322548032,0.66726768,-7.668946383,110.4606333,"{""type"":""Point"",""coordinates"":[110.46063329369443,-7.668946383310855]}"
33.94974859,-0.246707425,0.246707425,0.707510054,-7.659410102,110.4335853,"{""type"":""Point"",""coordinates"":[110.43358531096206,-7.659410101644012]}"
37.62155358,-0.234840989,0.234840989,0.628226757,-7.896391406,110.3988271,"{""type"":""Point"",""coordinates"":[110.39882712832531,-7.8963914060399425]}"
44.10117857,-8.20E-04,8.20E-04,0.367160797,-7.808751881,110.3988074,"{""type"":""Point"",""coordinates"":[110.39880743171376,-7.808751881225116]}"
38.30180832,0.008250722,-0.008250722,0.552998006,-7.877859276,110.2779432,"{""type"":""Point"",""coordinates"":[110.27794321306187,-7.8778592756819075]}"
45.44745587,0.074914873,-0.074914873,0.225384593,-7.803202076,110.3905681,"{""type"":""Point"",""coordinates"":[110.390568144758,-7.803202075725723]}"
44.76703871,0.082288928,-0.082288928,0.332546592,-7.749593664,110.4042399,"{""type"":""Point"",""coordinates"":[110.40423989371638,-7.749593663620365]}"
32.26611891,-0.21741347,0.21741347,0.736291707,-7.63854665,110.4415662,"{""type"":""Point"",""coordinates"":[110.44156618930897,-7.6385466501509685]}"
27.00127839,-0.368628591,0.368628591,0.811315477,-7.570412989,110.4155572,"{""type"":""Point"",""coordinates"":[110.41555718983655,-7.570412988501001]}"
39.96984352,0.055731628,-0.055731628,0.39375943,-7.856170774,110.2619249,"{""type"":""Point"",""coordinates"":[110.26192490490634,-7.856170774040515]}"
34.90205808,-0.389838904,0.389838904,0.818158805,-7.879815004,110.4464909,"{""type"":""Point"",""coordinates"":[110.44649092364519,-7.879815003741908]}"
36.44729631,-0.191155747,0.191155747,0.612598419,-7.796077584,110.4214163,"{""type"":""Point"",""coordinates"":[110.42141634753345,-7.7960775838419405]}"
30.11418778,-0.429647505,0.429647505,0.868198097,-7.631520951,110.4389125,"{""type"":""Point"",""coordinates"":[110.43891250881126,-7.6315209510191595]}"
31.6077218,-0.372672826,0.372672826,0.843326032,-7.610306615,110.3995644,"{""type"":""Point"",""coordinates"":[110.39956441661823,-7.6103066153649275]}"
36.50619978,-0.26664716,0.26664716,0.759072006,-7.690487329,110.459257,"{""type"":""Point"",""coordinates"":[110.45925698545598,-7.690487329083324]}"
38.88893374,-0.105250545,0.105250545,0.497835249,-7.703366953,110.3846521,"{""type"":""Point"",""coordinates"":[110.38465206660291,-7.703366953350685]}"
26.6405004,-0.419108599,0.419108599,0.869005084,-7.592961955,110.44045,"{""type"":""Point"",""coordinates"":[110.44044995225782,-7.592961955227029]}"
41.70994111,-0.037314855,0.037314855,0.32723406,-7.730656458,110.3924532,"{""type"":""Point"",""coordinates"":[110.39245321481651,-7.73065645806685]}"
36.58498737,-0.094934955,0.094934955,0.466567189,-7.788903017,110.2841252,"{""type"":""Point"",""coordinates"":[110.28412517646866,-7.788903017176752]}"
37.37639297,-0.20370619,0.20370619,0.752531052,-7.885573197,110.4327292,"{""type"":""Point"",""coordinates"":[110.43272917022061,-7.8855731967138105]}"
41.7826348,0.084570661,-0.084570661,0.258663356,-7.802086287,110.399745,"{""type"":""Point"",""coordinates"":[110.39974504094425,-7.80208628715819]}"
38.15155339,0.042932175,-0.042932175,0.43481341,-7.743810664,110.3060228,"{""type"":""Point"",""coordinates"":[110.30602282684573,-7.7438106636926305]}"
41.38596909,0.0193677,-0.0193677,0.343752801,-7.80628634,110.339062,"{""type"":""Point"",""coordinates"":[110.33906200899713,-7.806286339785328]}"
39.5048556,-0.164568573,0.164568573,0.571307778,-7.851841565,110.3895977,"{""type"":""Point"",""coordinates"":[110.38959769336628,-7.8518415654084865]}"
41.67429903,0.062788323,-0.062788323,0.318105757,-7.75601898,110.3671514,"{""type"":""Point"",""coordinates"":[110.36715143502487,-7.756018980257077]}"
38.12483022,-0.207175285,0.207175285,0.500111342,-7.749020434,110.3336367,"{""type"":""Point"",""coordinates"":[110.33363671784231,-7.74902043396441]}"
38.86350814,0.021784773,-0.021784773,0.478440255,-7.880501083,110.3021499,"{""type"":""Point"",""coordinates"":[110.30214994031317,-7.8805010833563305]}"
33.23547667,-0.241671443,0.241671443,0.700398505,-7.651356325,110.3669236,"{""type"":""Point"",""coordinates"":[110.36692363452502,-7.651356325206432]}"
39.15547326,-0.171171531,0.171171531,0.615981579,-7.931609334,110.3628212,"{""type"":""Point"",""coordinates"":[110.36282124543862,-7.931609334243706]}"
38.2258277,-0.131113201,0.131113201,0.625460923,-7.884753257,110.4201734,"{""type"":""Point"",""coordinates"":[110.4201734237372,-7.884753257106274]}"
37.73072383,-0.225950778,0.225950778,0.603994727,-7.887279962,110.3126506,"{""type"":""Point"",""coordinates"":[110.31265059573099,-7.887279962406708]}"
37.66437974,-0.031767376,0.031767376,0.474473059,-7.721182249,110.3473005,"{""type"":""Point"",""coordinates"":[110.34730050774624,-7.7211822488560875]}"
37.68973746,-0.145737425,0.145737425,0.586685717,-7.84085551,110.3876295,"{""type"":""Point"",""coordinates"":[110.3876295116649,-7.840855510430466]}"
37.10739168,-0.307721406,0.307721406,0.755071342,-7.827284226,110.3217572,"{""type"":""Point"",""coordinates"":[110.32175716472646,-7.8272842262658875]}"
37.96901748,-0.143080205,0.143080205,0.573085666,-7.940005066,110.3539917,"{""type"":""Point"",""coordinates"":[110.35399174252626,-7.940005065799528]}"
31.93245467,-0.25343138,0.25343138,0.669877529,-7.650107636,110.4541086,"{""type"":""Point"",""coordinates"":[110.45410861618,-7.650107635509288]}"
45.62933002,0.132527247,-0.132527247,0.266063154,-7.802133587,110.4044167,"{""type"":""Point"",""coordinates"":[110.40441672627713,-7.802133586500559]}"
36.43121836,-0.197525039,0.197525039,0.651887417,-7.728321326,110.2404035,"{""type"":""Point"",""coordinates"":[110.24040353627065,-7.728321326442401]}"
44.71776087,0.051802006,-0.051802006,0.249844819,-7.808689006,110.3710499,"{""type"":""Point"",""coordinates"":[110.3710499083035,-7.8086890055031]}"
28.51605584,-0.322079599,0.322079599,0.832010448,-7.600552864,110.3989844,"{""type"":""Point"",""coordinates"":[110.3989843568867,-7.600552864414009]}"
35.44313014,-0.310930431,0.310930431,0.51014632,-7.832660583,110.3212261,"{""type"":""Point"",""coordinates"":[110.32122610939865,-7.832660583014428]}"
36.56876356,-0.152929217,0.152929217,0.518015683,-7.683096192,110.4260268,"{""type"":""Point"",""coordinates"":[110.42602682577332,-7.683096192152404]}"
43.96144037,0.132735446,-0.132735446,0.348551959,-7.819970706,110.3817921,"{""type"":""Point"",""coordinates"":[110.3817921326755,-7.819970706306064]}"
38.25610573,-0.190346807,0.190346807,0.674266875,-7.90304295,110.3738993,"{""type"":""Point"",""coordinates"":[110.37389930774171,-7.903042950246442]}"
42.50997265,-0.35577181,0.35577181,0.733656108,-7.825695624,110.4251611,"{""type"":""Point"",""coordinates"":[110.42516108565933,-7.825695623929059]}"
45.51937318,0.11700023,-0.11700023,0.309127897,-7.799680586,110.334971,"{""type"":""Point"",""coordinates"":[110.33497096433561,-7.799680585985926]}"
28.94175783,-0.13765426,0.13765426,0.303362459,-7.563853021,110.4233147,"{""type"":""Point"",""coordinates"":[110.42331471020321,-7.563853020753827]}"
36.7470455,-0.247689888,0.247689888,0.674009025,-7.790336602,110.3057505,"{""type"":""Point"",""coordinates"":[110.3057504945899,-7.790336602100189]}"
41.62483013,0.065914899,-0.065914899,0.430596411,-7.82665684,110.4352077,"{""type"":""Point"",""coordinates"":[110.43520772550387,-7.826656839942665]}"
43.1041926,0.132755771,-0.132755771,0.21745339,-7.814709186,110.3866624,"{""type"":""Point"",""coordinates"":[110.38666242248988,-7.8147091861908935]}"
33.90232317,-0.365538299,0.365538299,0.793957114,-7.683913343,110.4734224,"{""type"":""Point"",""coordinates"":[110.47342235618976,-7.683913342876045]}"
42.78701489,0.142016828,-0.142016828,0.143203706,-7.774236787,110.4132811,"{""type"":""Point"",""coordinates"":[110.41328113366131,-7.774236786704527]}"
40.46493319,-0.112697616,0.112697616,0.518138826,-7.88856018,110.3174663,"{""type"":""Point"",""coordinates"":[110.31746632262734,-7.888560180466325]}"
34.2539642,-0.238023505,0.238023505,0.697247028,-7.715615159,110.3203992,"{""type"":""Point"",""coordinates"":[110.32039919100366,-7.715615159272596]}"
40.40449984,0.058076691,-0.058076691,0.282719255,-7.772350184,110.3322862,"{""type"":""Point"",""coordinates"":[110.33228622077388,-7.772350183843276]}"
33.9891879,-0.280561626,0.280561626,0.702675521,-7.787777852,110.2551548,"{""type"":""Point"",""coordinates"":[110.25515480304807,-7.787777852131388]}"
42.87180682,-0.087258153,0.087258153,0.508204877,-7.886970025,110.4298622,"{""type"":""Point"",""coordinates"":[110.42986218283012,-7.886970025466708]}"
41.49085341,0.062046193,-0.062046193,0.30832848,-7.844956174,110.4128561,"{""type"":""Point"",""coordinates"":[110.41285612411876,-7.8449561736712]}"
38.17139302,-0.18085818,0.18085818,0.670614362,-7.85858957,110.4360726,"{""type"":""Point"",""coordinates"":[110.4360726082189,-7.858589570307574]}"
40.01638458,0.056819458,-0.056819458,0.366401911,-7.865342793,110.3078748,"{""type"":""Point"",""coordinates"":[110.30787478332941,-7.865342793294708]}"
37.03744548,-0.207711145,0.207711145,0.684469581,-7.838929545,110.3307924,"{""type"":""Point"",""coordinates"":[110.33079240546246,-7.838929544711002]}"
38.40662049,-0.06010833,0.06010833,0.558873355,-7.935263678,110.3501209,"{""type"":""Point"",""coordinates"":[110.3501209264593,-7.9352636780044215]}"
41.58894787,0.104654983,-0.104654983,0.31536904,-7.804242372,110.3538966,"{""type"":""Point"",""coordinates"":[110.35389663417394,-7.80424237155714]}"
36.48525623,0.04319825,-0.04319825,0.472811073,-7.714087371,110.3683677,"{""type"":""Point"",""coordinates"":[110.36836773291002,-7.714087371039381]}"
24.50149248,-0.383370876,0.383370876,0.865484178,-7.57299756,110.435315,"{""type"":""Point"",""coordinates"":[110.4353149734776,-7.572997559956445]}"
36.55478673,-0.121459559,0.121459559,0.652473748,-7.708103762,110.3395016,"{""type"":""Point"",""coordinates"":[110.33950161969038,-7.708103761744492]}"
30.57134037,-0.410121054,0.410121054,0.844514191,-7.618620571,110.4035768,"{""type"":""Point"",""coordinates"":[110.4035768277758,-7.6186205707322285]}"
27.8336198,-0.372103512,0.372103512,0.8427158,-7.589260056,110.4167303,"{""type"":""Point"",""coordinates"":[110.41673029062515,-7.5892600558770935]}"
37.88636997,-0.202584028,0.202584028,0.606495857,-7.705744456,110.3107795,"{""type"":""Point"",""coordinates"":[110.31077951942905,-7.70574445598975]}"
36.61439788,-0.218008563,0.218008563,0.659373641,-7.728986066,110.4817207,"{""type"":""Point"",""coordinates"":[110.4817206586413,-7.728986066190599]}"
33.89345478,-0.267516643,0.267516643,0.746359885,-7.651015498,110.3742894,"{""type"":""Point"",""coordinates"":[110.37428936380569,-7.6510154979810805]}"
41.28659898,-0.085673109,0.085673109,0.575049877,-7.917503844,110.3701688,"{""type"":""Point"",""coordinates"":[110.37016881993935,-7.917503843756656]}"
31.42723458,-0.397610247,0.397610247,0.810663223,-7.670026578,110.359548,"{""type"":""Point"",""coordinates"":[110.35954800658325,-7.67002657812787]}"
35.56276542,-0.197471812,0.197471812,0.699701786,-7.771705102,110.2230291,"{""type"":""Point"",""coordinates"":[110.22302912488834,-7.771705101540971]}"
35.33194208,-0.322361469,0.322361469,0.770217538,-7.886172094,110.4428933,"{""type"":""Point"",""coordinates"":[110.44289334098674,-7.8861720939342534]}"
41.46474969,-0.124771513,0.124771513,0.543974221,-7.825456591,110.3524401,"{""type"":""Point"",""coordinates"":[110.35244008796337,-7.825456590532827]}"
41.16919367,-0.204949707,0.204949707,0.645304024,-7.838000992,110.3567982,"{""type"":""Point"",""coordinates"":[110.35679824109224,-7.838000992013852]}"
39.40359161,-0.193047732,0.193047732,0.635339141,-7.82221402,110.4877253,"{""type"":""Point"",""coordinates"":[110.48772527699153,-7.82221402020756]}"
34.40639252,-0.185779586,0.185779586,0.646577179,-7.75536649,110.2756377,"{""type"":""Point"",""coordinates"":[110.27563769288373,-7.755366490255448]}"
38.5893468,-0.16857861,0.16857861,0.534454346,-7.849163929,110.4127856,"{""type"":""Point"",""coordinates"":[110.41278557991693,-7.849163929482098]}"
35.91080786,-0.264355719,0.264355719,0.686970294,-7.712699366,110.4369878,"{""type"":""Point"",""coordinates"":[110.43698781706487,-7.7126993659072145]}"
36.67456881,-0.368854195,0.368854195,0.833665729,-7.840636459,110.457929,"{""type"":""Point"",""coordinates"":[110.45792897133416,-7.840636458507048]}"
34.78648873,-0.127849326,0.127849326,0.545379221,-7.711806338,110.3713161,"{""type"":""Point"",""coordinates"":[110.37131612753785,-7.7118063376654575]}"
38.88235904,-0.261594743,0.261594743,0.692687631,-7.791474837,110.4189223,"{""type"":""Point"",""coordinates"":[110.41892228680487,-7.791474836513462]}"
39.67430322,-0.199238673,0.199238673,0.688980341,-7.707334014,110.3800678,"{""type"":""Point"",""coordinates"":[110.38006778043224,-7.707334013878538]}"
41.17285341,0.121364854,-0.121364854,0.254544556,-7.777911075,110.353795,"{""type"":""Point"",""coordinates"":[110.35379496491713,-7.777911074611075]}"
34.27153099,-0.322182417,0.322182417,0.756118715,-7.749700211,110.2802369,"{""type"":""Point"",""coordinates"":[110.28023692178583,-7.749700210514809]}"
37.77117394,-0.257932931,0.257932931,0.729748011,-7.852446499,110.4401934,"{""type"":""Point"",""coordinates"":[110.4401934450081,-7.852446498506515]}"
34.88158468,-0.315042466,0.315042466,0.751228809,-7.83582758,110.2734019,"{""type"":""Point"",""coordinates"":[110.27340193661003,-7.83582757964451]}"
